SL No:,Customer,Month,Amount
,A1,12-Jan-04,495414.75
2.0,A1,03-Jan-04,245899.02
3.0,A1,15-Jan-04,259490.06
4.0,A1,25-Jan-04,437555.12
5.0,A1,17-Jan-05,165972.88
6.0,A1,23-Feb-05,365366.62
7.0,A1,01-Feb-05,14473.41
8.0,A8,05-Feb-04,156913.59
9.0,A9,28-Feb-05,417294.81
10.0,A10,16-Feb-05,48759.19
11.0,A11,23-Feb-05,208317.94
12.0,A12,03-Feb-05,150281.43
13.0,A13,04-Feb-06,339078.03
14.0,A14,25-Mar-06,137834.5
15.0,A15,31-Mar-06,437119.51
16.0,A16,23-Mar-06,103923.7
17.0,A17,19-Mar-04,408466.94
18.0,A18,05-Mar-06,213352.06
19.0,A19,04-Apr-05,347826.27
20.0,A20,30-Apr-06,471099.22
21.0,A21,25-Apr-04,380802.6
22.0,A22,19-Apr-06,219264.02
23.0,A23,06-Apr-04,80345.51
24.0,A24,27-Apr-05,242730.35
25.0,A25,05-May-04,246473.42
26.0,A26,06-May-06,470982.16
27.0,A27,07-May-05,357375.59
28.0,A28,08-May-06,326050.15
29.0,A29,09-May-05,215083.37
30.0,A30,10-May-06,481343.32
31.0,A31,11-Jul-06,130109.14
32.0,A32,12-Aug-05,99528.43
33.0,A33,13-Sep-04,2273.98
34.0,A34,20-Nov-05,73899.28
35.0,A35,21-Nov-06,135040.11
36.0,A36,22-Nov-05,472033.29
37.0,A37,23-Nov-04,345181.82
38.0,A38,24-May-05,337727.51
39.0,A39,25-May-05,27105.36
40.0,A40,26-May-05,77876.87
41.0,A41,27-May-05,493499.91
42.0,A42,28-May-05,307896.6
43.0,A43,29-May-05,214029.49
44.0,A44,30-May-05,193865.45
45.0,A45,31-May-05,412236.42
46.0,A46,01-Jun-05,58285.12
47.0,A47,02-Jun-05,165210.56
48.0,A48,03-Jun-05,67748.66
49.0,A49,03-Jul-05,172212.79
50.0,A50,03-Aug-05,314859.52
51.0,A51,03-Sep-05,205161.39
52.0,A52,03-Oct-05,458495.13
53.0,A53,03-Nov-05,384469.34
54.0,A54,03-Dec-05,215719.14
55.0,A55,03-Jan-06,465702.01
56.0,A56,03-Feb-06,244372.73
57.0,A57,03-Mar-06,167016.85
58.0,A58,03-Apr-06,338653.47
59.0,A59,03-May-06,426385.83
60.0,A60,03-Jun-06,448060.59
61.0,A61,03-Jul-06,141695.73
62.0,A60,03-Aug-06,305642.34
63.0,A61,03-Sep-06,117439.14
64.0,A62,03-Oct-06,113270.0
65.0,A63,03-Nov-06,211117.12
66.0,A64,03-Dec-06,212614.48
67.0,A65,12-Jan-04,468922.6
68.0,A66,03-Jan-04,477039.78
69.0,A67,15-Jan-04,67845.6
70.0,A68,25-Jan-04,105098.26
71.0,A69,17-Jan-05,140533.08
72.0,A70,23-Feb-05,327639.37
73.0,A71,01-Feb-05,30997.74
74.0,A72,05-Feb-04,327006.94
75.0,A73,28-Feb-05,100712.38
76.0,A74,16-Feb-05,326559.01
77.0,A75,23-Feb-05,481338.08
78.0,A76,03-Feb-05,265619.05
79.0,A77,04-Feb-06,3159.62
80.0,A78,25-Mar-06,55344.81
81.0,A79,31-Mar-06,193230.31
82.0,A80,23-Mar-06,481205.64
83.0,A81,24-Mar-06,207780.32
84.0,A82,25-Mar-06,342200.74
85.0,A83,26-Mar-06,132844.13
86.0,A84,27-Mar-06,464121.13
87.0,A85,28-Mar-06,270527.39
88.0,A86,29-Mar-06,295851.47
89.0,A87,30-Mar-06,462283.02
90.0,A88,31-Mar-06,146821.3
91.0,A89,01-Apr-06,497237.97
92.0,A90,02-Apr-06,109931.32
93.0,A91,03-Apr-06,247781.0
94.0,A92,04-Apr-06,459105.69
95.0,A93,12-Jan-04,342326.14
96.0,A94,03-Jan-04,153465.89
97.0,A95,15-Jan-04,369405.96
98.0,A96,25-Jan-04,310992.3
99.0,A97,12-Jan-04,121874.9
100.0,A98,03-Jan-04,337815.57
101.0,A99,15-Jan-04,25682.73
102.0,A100,25-Jan-04,69551.19
103.0,A1,12-Jan-04,350446.82
104.0,A2,03-Jan-04,185955.07
105.0,A3,15-Jan-04,84876.34
106.0,A4,25-Jan-04,299143.09
107.0,A5,12-Jan-04,185530.18
108.0,A6,03-Jan-04,478981.53
109.0,A7,15-Jan-04,192775.99
110.0,A8,12-Jan-04,350999.98
111.0,A9,03-Jan-04,40869.43
112.0,A10,15-Jan-04,397059.17
113.0,A11,25-Jan-04,458474.93
114.0,A12,17-Jan-05,13379.96
115.0,A13,23-Feb-05,462058.63
116.0,A14,01-Feb-05,262549.83
117.0,A1,05-Feb-04,117964.43
118.0,A2,28-Feb-05,412783.34
119.0,A3,16-Feb-05,435829.71
120.0,A4,23-Feb-05,167988.37
121.0,A5,03-Feb-05,165348.26
122.0,A6,04-Feb-06,387298.06
123.0,A7,25-Mar-06,94582.65
124.0,A8,31-Mar-06,155642.95
125.0,A9,23-Mar-06,102190.34
126.0,A10,19-Mar-04,11900.61
127.0,A11,05-Mar-06,149947.54
128.0,A12,04-Apr-05,171574.18
129.0,A13,30-Apr-06,160898.98
130.0,A14,25-Apr-04,453661.84
131.0,A1,19-Apr-06,79849.19
132.0,A2,06-Apr-04,148038.67
133.0,A3,27-Apr-05,336323.41
134.0,A4,05-May-04,257762.74
135.0,A5,06-May-06,31781.24
136.0,A6,07-May-05,218856.15
137.0,A7,08-May-06,85745.75
138.0,A8,09-May-05,145457.38
139.0,A9,10-May-06,170988.06
140.0,A10,11-Jul-06,358194.65
141.0,A11,12-Aug-05,332677.61
142.0,A12,13-Sep-04,289407.01
143.0,A13,20-Nov-05,137903.91
144.0,A14,21-Nov-06,22692.95
145.0,A1,22-Nov-05,402099.78
146.0,A2,23-Nov-04,179144.68
147.0,A3,24-May-05,136493.67
148.0,A4,25-May-05,26925.53
149.0,A5,05-May-04,8797.07
150.0,A6,06-May-06,54065.23
151.0,A7,07-May-05,67065.56
152.0,A8,08-May-06,361184.89
153.0,A9,09-May-05,136969.63
154.0,A10,10-May-06,14301.86
155.0,A11,11-Jul-06,128484.37
156.0,A12,12-Aug-05,120471.17
157.0,A13,13-Sep-04,439840.91
158.0,A14,20-Nov-05,397945.07
159.0,A1,21-Nov-06,169358.4
160.0,A2,22-Nov-05,10274.0
161.0,A3,23-Nov-04,233364.46
162.0,A4,24-May-05,358341.19
163.0,A5,25-May-05,326532.48
164.0,A6,26-May-05,119216.68
165.0,A7,27-May-05,401337.63
166.0,A8,28-May-05,355979.34
167.0,A9,29-May-05,203517.42
168.0,A10,30-May-05,192550.99
169.0,A11,31-May-05,354172.42
170.0,A12,01-Jun-05,450664.18
171.0,A13,02-Jun-05,210782.51
172.0,A14,03-Jun-05,9887.74
173.0,A1,03-Jul-05,297176.74
174.0,A2,03-Aug-05,381635.66
175.0,A3,03-Sep-05,369413.74
176.0,A4,03-Oct-05,373214.8
177.0,A5,03-Nov-05,81884.13
178.0,A6,03-Dec-05,27398.18
179.0,A7,03-Jan-06,94004.28
180.0,A8,03-Feb-06,490957.38
181.0,A9,03-Mar-06,274545.23
182.0,A10,03-Apr-06,18330.89
183.0,A11,03-May-06,379240.77
184.0,A12,03-Jun-06,75561.64
185.0,A13,03-Jul-06,424603.55
186.0,A14,03-Aug-06,198623.13
187.0,A1,03-Sep-06,186427.5
188.0,A2,03-Oct-06,298423.86
189.0,A3,03-Nov-06,233945.84
190.0,A4,03-Dec-06,277825.13
191.0,A5,12-Jan-04,213056.83
192.0,A6,03-Jan-04,192714.74
193.0,A7,15-Jan-04,441906.93
194.0,A8,25-Jan-04,103325.39
195.0,A9,17-Jan-05,429340.01
196.0,A10,23-Feb-05,179019.64
197.0,A11,01-Feb-05,92573.47
198.0,A12,05-Feb-04,412914.78
199.0,A13,28-Feb-05,464781.64
200.0,A14,16-Feb-05,335634.81
201.0,A1,23-Feb-05,96670.7
202.0,A2,03-Feb-05,431953.19
203.0,A3,04-Feb-06,288900.12
204.0,A4,25-Mar-06,271095.26
205.0,A5,31-Mar-06,175514.06
206.0,A6,23-Mar-06,197962.09
207.0,A7,24-Mar-06,86674.88
208.0,A8,25-Mar-06,31802.4
209.0,A9,26-Mar-06,299793.75
210.0,A10,27-Mar-06,458643.68
211.0,A11,28-Mar-06,358690.48
212.0,A12,29-Mar-06,239672.94
213.0,A13,30-Mar-06,113956.32
214.0,A14,31-Mar-06,267810.55
215.0,A1,01-Apr-06,429099.97
216.0,A2,02-Apr-06,339899.24
217.0,A3,03-Apr-06,79705.12
218.0,A4,04-Apr-06,100644.99
219.0,A5,12-Jan-04,333037.8
220.0,A6,03-Jan-04,385541.49
221.0,A7,15-Jan-04,158436.47
222.0,A8,25-Jan-04,475525.36
223.0,A9,12-Jan-04,39314.91
224.0,A10,03-Jan-04,307678.72
225.0,A11,15-Jan-04,69513.3
226.0,A12,25-Jan-04,219352.84
227.0,A13,12-Jan-04,465305.81
228.0,A14,03-Jan-04,312439.76
229.0,A1,15-Jan-04,453027.64
230.0,A2,25-Jan-04,298200.38
231.0,A3,12-Jan-04,327273.46
232.0,A4,03-Jan-04,15557.49
233.0,A5,15-Jan-04,156388.37
234.0,A6,12-Jan-04,187436.58
235.0,A7,03-Jan-04,110225.07
236.0,A8,15-Jan-04,168524.22
237.0,A9,25-Jan-04,184923.45
238.0,A10,17-Jan-05,211299.62
239.0,A11,23-Feb-05,442370.14
240.0,A12,01-Feb-05,400450.57
241.0,A13,05-Feb-04,269503.29
242.0,A14,28-Feb-05,177114.2
243.0,A1,16-Feb-05,187398.64
244.0,A2,23-Feb-05,132970.25
245.0,A3,03-Feb-05,104406.96
246.0,A4,04-Feb-06,357358.11
247.0,A5,25-Mar-06,175413.18
248.0,A6,31-Mar-06,236055.93
249.0,A7,23-Mar-06,47988.31
250.0,A8,19-Mar-04,371681.75
251.0,A9,05-Mar-06,309755.6
252.0,A10,04-Apr-05,3121.88
253.0,A11,30-Apr-06,116375.65
254.0,A12,25-Apr-04,429751.89
255.0,A13,19-Apr-06,333493.42
256.0,A14,06-Apr-04,358920.36
257.0,A5,27-Apr-05,7276.6
258.0,A6,05-May-04,48574.15
259.0,A7,06-May-06,400375.97
260.0,A8,07-May-05,470274.39
261.0,A9,08-May-06,87585.98
262.0,A10,09-May-05,26944.61
263.0,A11,10-May-06,332077.52
264.0,A12,11-Jul-06,344969.11
265.0,A13,12-Aug-05,444905.55
266.0,A14,05-May-04,212622.51
267.0,A15,06-May-06,321684.83
268.0,A16,07-May-05,27330.96
269.0,A17,08-May-06,234053.99
270.0,A18,09-May-05,402894.96
271.0,A19,10-May-06,284384.54
272.0,A20,11-Jul-06,125789.06
273.0,A21,12-Aug-05,394173.66
274.0,A22,13-Sep-04,3604.58
275.0,A5,20-Nov-05,478284.25
276.0,A6,21-Nov-06,53215.28
277.0,A7,22-Nov-05,55108.71
278.0,A8,23-Nov-04,453649.34
279.0,A9,24-May-05,143557.98
280.0,A10,25-May-05,160893.32
281.0,A11,26-May-05,288831.59
282.0,A12,27-May-05,198563.01
283.0,A13,28-May-05,309835.5
284.0,A14,29-May-05,243922.47
285.0,A15,30-May-05,365542.48
286.0,A16,31-May-05,398262.74
287.0,A17,01-Jun-05,160665.44
288.0,A18,02-Jun-05,268556.31
289.0,A19,03-Jun-05,55869.98
290.0,A20,03-Jul-05,12311.27
291.0,A21,03-Aug-05,442316.54
292.0,A22,03-Sep-05,362182.7
293.0,A5,03-Oct-05,106289.18
294.0,A6,03-Nov-05,339019.52
295.0,A7,03-Dec-05,429700.12
296.0,A8,03-Jan-06,375175.23
297.0,A9,03-Feb-06,66920.41
298.0,A10,03-Mar-06,249847.34
299.0,A11,03-Apr-06,342159.77
300.0,A12,03-May-06,475049.52
301.0,A13,03-Jun-06,186555.52
302.0,A14,03-Jul-06,41962.19
303.0,A15,03-Aug-06,17981.25
304.0,A16,03-Sep-06,339373.25
305.0,A17,03-Oct-06,412459.19
306.0,A18,03-Nov-06,195876.51
307.0,A19,03-Dec-06,169987.85
308.0,A20,12-Jan-04,375694.96
309.0,A21,03-Jan-04,210427.78
310.0,A22,15-Jan-04,429311.06
311.0,A5,25-Jan-04,129317.21
312.0,A6,17-Jan-05,192374.09
313.0,A7,23-Feb-05,344628.72
314.0,A8,01-Feb-05,190048.24
315.0,A9,05-Feb-04,492608.93
316.0,A10,28-Feb-05,424254.68
317.0,A11,16-Feb-05,326527.71
318.0,A12,23-Feb-05,458617.08
319.0,A13,03-Feb-05,217347.65
320.0,A14,04-Feb-06,6804.22
321.0,A15,25-Mar-06,262100.76
322.0,A16,31-Mar-06,13804.36
323.0,A17,23-Mar-06,444996.81
324.0,A18,24-Mar-06,441039.88
325.0,A19,25-Mar-06,190212.08
326.0,A20,26-Mar-06,179826.1
327.0,A21,27-Mar-06,351450.1
328.0,A22,28-Mar-06,281567.68
329.0,A5,29-Mar-06,365777.46
330.0,A6,30-Mar-06,255499.69
331.0,A7,31-Mar-06,336264.37
332.0,A8,01-Apr-06,127926.49
333.0,A9,02-Apr-06,43323.9
334.0,A10,03-Apr-06,457294.64
335.0,A11,04-Apr-06,499930.66
336.0,A12,12-Jan-04,366694.13
337.0,A13,03-Jan-04,294101.71
338.0,A14,15-Jan-04,238399.45
339.0,A15,25-Jan-04,129808.72
340.0,A16,12-Jan-04,484624.19
341.0,A17,03-Jan-04,104323.71
342.0,A18,15-Jan-04,406501.59
343.0,A19,25-Jan-04,57524.44
344.0,A20,12-Jan-04,153540.16
345.0,A21,03-Jan-04,432751.25
346.0,A22,15-Jan-04,363041.33
347.0,A5,25-Jan-04,100258.65
348.0,A6,12-Jan-04,377254.32
349.0,A7,03-Jan-04,473662.61
350.0,A8,15-Jan-04,493210.52
351.0,A9,12-Jan-04,443277.34
352.0,A10,03-Jan-04,175552.03
353.0,A11,15-Jan-04,430568.16
354.0,A12,25-Jan-04,330807.79
355.0,A13,17-Jan-05,386518.41
356.0,A14,23-Feb-05,350149.89
357.0,A15,01-Feb-05,194420.82
358.0,A16,05-Feb-04,50358.44
359.0,A17,28-Feb-05,374865.01
360.0,A18,16-Feb-05,38296.41
361.0,A19,23-Feb-05,477491.51
362.0,A20,03-Feb-05,220681.41
363.0,A21,04-Feb-06,406096.67
364.0,A22,25-Mar-06,257321.06
365.0,A12,31-Mar-06,393141.72
366.0,A13,23-Mar-06,170743.97
367.0,A14,19-Mar-04,425031.99
368.0,A15,05-Mar-06,33491.82
369.0,A16,04-Apr-05,338710.86
370.0,A17,30-Apr-06,391463.29
371.0,A18,25-Apr-04,250429.66
372.0,A19,19-Apr-06,313391.53
373.0,A20,06-Apr-04,347978.28
374.0,A21,27-Apr-05,18883.95
375.0,A22,05-May-04,152613.38
376.0,A23,06-May-06,234139.72
377.0,A24,07-May-05,259373.49
378.0,A25,08-May-06,452685.93
379.0,A26,09-May-05,141279.81
380.0,A27,10-May-06,351660.46
381.0,A28,11-Jul-06,319405.61
382.0,A29,12-Aug-05,192737.48
383.0,A30,05-May-04,496754.84
384.0,A12,06-May-06,16888.1
385.0,A13,07-May-05,87254.42
386.0,A14,08-May-06,301965.95
387.0,A15,09-May-05,356235.03
388.0,A16,10-May-06,143835.0
389.0,A17,11-Jul-06,118112.45
390.0,A18,12-Aug-05,274256.9
391.0,A19,13-Sep-04,384470.75
392.0,A20,20-Nov-05,277757.25
393.0,A21,21-Nov-06,269546.03
394.0,A22,22-Nov-05,41542.81
395.0,A23,23-Nov-04,466178.21
396.0,A24,24-May-05,380788.59
397.0,A25,25-May-05,72601.74
398.0,A26,26-May-05,149479.43
399.0,A27,27-May-05,130828.49
400.0,A28,28-May-05,76099.18
401.0,A29,29-May-05,131801.93
402.0,A30,30-May-05,337199.44
403.0,A12,31-May-05,294136.82
404.0,A13,01-Jun-05,439763.88
405.0,A14,02-Jun-05,31241.24
406.0,A15,03-Jun-05,49334.38
407.0,A16,03-Jul-05,367100.15
408.0,A17,03-Aug-05,98341.04
409.0,A18,03-Sep-05,168067.16
410.0,A19,03-Oct-05,140415.33
411.0,A20,03-Nov-05,342030.38
412.0,A21,03-Dec-05,489260.28
413.0,A22,03-Jan-06,326909.16
414.0,A23,03-Feb-06,112063.91
415.0,A24,03-Mar-06,335283.31
416.0,A25,03-Apr-06,456294.79
417.0,A26,03-May-06,489138.12
418.0,A27,03-Jun-06,484419.68
419.0,A28,03-Jul-06,61054.79
420.0,A29,03-Aug-06,341365.93
421.0,A30,03-Sep-06,19761.75
422.0,A12,03-Oct-06,347528.59
423.0,A13,03-Nov-06,484688.54
424.0,A14,03-Dec-06,388821.96
425.0,A15,12-Jan-04,487671.4
426.0,A16,03-Jan-04,262142.78
427.0,A17,15-Jan-04,149552.7
428.0,A18,25-Jan-04,355305.57
429.0,A19,17-Jan-05,94479.51
430.0,A20,23-Feb-05,213741.25
431.0,A21,01-Feb-05,330195.0
432.0,A22,05-Feb-04,49814.89
433.0,A23,28-Feb-05,312943.16
434.0,A24,16-Feb-05,86589.13
435.0,A25,23-Feb-05,307615.7
436.0,A26,03-Feb-05,313118.51
437.0,A27,04-Feb-06,87030.86
438.0,A28,25-Mar-06,395095.33
439.0,A29,31-Mar-06,355632.86
440.0,A30,23-Mar-06,20888.41
441.0,A12,24-Mar-06,98470.42
442.0,A13,25-Mar-06,494061.6
443.0,A14,26-Mar-06,138459.02
444.0,A15,27-Mar-06,340251.99
445.0,A16,28-Mar-06,89550.41
446.0,A17,29-Mar-06,169871.3
447.0,A18,30-Mar-06,375344.31
448.0,A19,31-Mar-06,157933.51
449.0,A20,01-Apr-06,406103.51
450.0,A21,02-Apr-06,410448.18
451.0,A22,03-Apr-06,92140.92
452.0,A23,04-Apr-06,128909.28
453.0,A24,12-Jan-04,24111.18
454.0,A25,03-Jan-04,86317.08
455.0,A26,15-Jan-04,182526.38
456.0,A27,25-Jan-04,255497.88
457.0,A28,12-Jan-04,97077.77
458.0,A29,03-Jan-04,156232.92
459.0,A30,15-Jan-04,100398.67
460.0,A12,25-Jan-04,204117.58
461.0,A13,12-Jan-04,369976.86
462.0,A14,03-Jan-04,302408.5
463.0,A15,15-Jan-04,384183.76
464.0,A16,25-Jan-04,203703.32
465.0,A17,12-Jan-04,426479.22
466.0,A18,03-Jan-04,457966.08
467.0,A19,15-Jan-04,20114.19
468.0,A20,12-Jan-04,267679.45
469.0,A21,03-Jan-04,302056.88
470.0,A22,15-Jan-04,483926.54
471.0,A23,25-Jan-04,348942.77
472.0,A24,17-Jan-05,103062.14
473.0,A25,23-Feb-05,36151.25
474.0,A26,01-Feb-05,324151.44
475.0,A27,05-Feb-04,429484.76
476.0,A28,28-Feb-05,207864.32
477.0,A29,16-Feb-05,237536.35
478.0,A30,23-Feb-05,299295.58
479.0,A12,03-Feb-05,59062.67
480.0,A13,04-Feb-06,142996.22
481.0,A14,25-Mar-06,253549.89
482.0,A15,31-Mar-06,301570.02
483.0,A16,23-Mar-06,206863.77
484.0,A17,19-Mar-04,255335.34
485.0,A18,05-Mar-06,323868.57
486.0,A19,04-Apr-05,115795.63
487.0,A20,30-Apr-06,349408.06
488.0,A21,25-Apr-04,66949.5
489.0,A22,19-Apr-06,452164.81
490.0,A23,06-Apr-04,24735.08
491.0,A24,27-Apr-05,165490.33
492.0,A25,05-May-04,298699.17
493.0,A26,06-May-06,456060.27
494.0,A27,07-May-05,81523.05
495.0,A28,08-May-06,130708.63
496.0,A29,09-May-05,69504.56
497.0,A30,10-May-06,163228.8
498.0,A12,11-Jul-06,358958.58
499.0,A13,12-Aug-05,206967.38
500.0,A14,05-May-04,326909.73
501.0,A15,06-May-06,477194.24
502.0,A16,07-May-05,2787.39
503.0,A17,08-May-06,148827.7
504.0,A18,09-May-05,211590.61
505.0,A19,10-May-06,412244.29
506.0,A20,11-Jul-06,99511.67
507.0,A21,12-Aug-05,485424.14
508.0,A22,13-Sep-04,191467.49
509.0,A23,20-Nov-05,265581.61
510.0,A24,21-Nov-06,103932.9
511.0,A25,22-Nov-05,1619.24
512.0,A26,23-Nov-04,82167.81
513.0,A27,24-May-05,447235.93
514.0,A28,25-May-05,400330.36
515.0,A29,26-May-05,192642.32
516.0,A30,27-May-05,303233.96
517.0,A12,28-May-05,63596.17
518.0,A13,29-May-05,235510.83
519.0,A14,30-May-05,332865.97
520.0,A15,31-May-05,433112.39
521.0,A16,01-Jun-05,92055.06
522.0,A17,02-Jun-05,97272.34
523.0,A18,03-Jun-05,238013.48
524.0,A19,03-Jul-05,281361.68
525.0,A20,03-Aug-05,213205.01
526.0,A21,03-Sep-05,449509.39
527.0,A22,03-Oct-05,124904.98
528.0,A23,03-Nov-05,137240.13
529.0,A24,03-Dec-05,385470.83
530.0,A25,03-Jan-06,349067.75
531.0,A26,03-Feb-06,495344.76
532.0,A27,03-Mar-06,496780.73
533.0,A28,03-Apr-06,115326.71
534.0,A29,03-May-06,403498.49
535.0,A30,03-Jun-06,72609.24
536.0,A12,03-Jul-06,498001.25
537.0,A13,03-Aug-06,221431.58
538.0,A14,03-Sep-06,462300.8
539.0,A15,03-Oct-06,227585.03
540.0,A16,03-Nov-06,260514.95
541.0,A17,03-Dec-06,479227.3
542.0,A18,12-Jan-04,1240.63
543.0,A19,03-Jan-04,158594.82
544.0,A20,15-Jan-04,337926.07
545.0,A21,25-Jan-04,269674.17
546.0,A22,17-Jan-05,446974.62
547.0,A23,23-Feb-05,370797.38
548.0,A24,01-Feb-05,273630.94
549.0,A25,05-Feb-04,287936.59
550.0,A26,28-Feb-05,165385.61
551.0,A27,16-Feb-05,324598.4
552.0,A28,23-Feb-05,15573.54
553.0,A29,03-Feb-05,33109.51
554.0,A30,04-Feb-06,314255.73
555.0,A12,25-Mar-06,269849.09
556.0,A13,31-Mar-06,404807.16
557.0,A14,23-Mar-06,460200.56
558.0,A15,24-Mar-06,364161.98
559.0,A16,25-Mar-06,472718.78
560.0,A17,26-Mar-06,422159.88
561.0,A18,27-Mar-06,264902.72
562.0,A19,28-Mar-06,48272.44
563.0,A20,29-Mar-06,142558.46
564.0,A21,30-Mar-06,402301.36
565.0,A22,31-Mar-06,53130.91
566.0,A23,01-Apr-06,184416.22
567.0,A24,02-Apr-06,9683.68
568.0,A25,03-Apr-06,410333.09
569.0,A26,04-Apr-06,410658.92
570.0,A27,12-Jan-04,108626.21
571.0,A28,03-Jan-04,86854.18
572.0,A29,15-Jan-04,417309.91
573.0,A30,25-Jan-04,279113.63
574.0,A12,12-Jan-04,86034.88
575.0,A13,03-Jan-04,498284.19
576.0,A14,15-Jan-04,139867.16
577.0,A15,25-Jan-04,49838.73
578.0,A16,12-Jan-04,121382.43
579.0,A17,03-Jan-04,81290.11
580.0,A18,15-Jan-04,90352.08
581.0,A19,25-Jan-04,170824.09
582.0,A20,12-Jan-04,59829.23
583.0,A21,03-Jan-04,415697.29
584.0,A22,15-Jan-04,394532.35
585.0,A23,12-Jan-04,429309.45
586.0,A24,03-Jan-04,224689.44
587.0,A25,15-Jan-04,135309.38
588.0,A26,25-Jan-04,333890.37
589.0,A27,17-Jan-05,42552.74
590.0,A28,23-Feb-05,426460.05
591.0,A29,01-Feb-05,266951.86
592.0,A30,05-Feb-04,102510.03
593.0,A12,28-Feb-05,496791.06
594.0,A13,16-Feb-05,154042.69
595.0,A14,23-Feb-05,350670.39
596.0,A15,03-Feb-05,322123.69
597.0,A16,04-Feb-06,280785.41
598.0,A17,25-Mar-06,306611.23
599.0,A18,31-Mar-06,332113.54
600.0,A19,23-Mar-06,117175.37
601.0,A20,19-Mar-04,240282.7
602.0,A21,05-Mar-06,113636.1
603.0,A22,04-Apr-05,307593.35
604.0,A23,30-Apr-06,158368.48
605.0,A24,25-Apr-04,12372.91
606.0,A25,19-Apr-06,194783.4
607.0,A26,06-Apr-04,147773.68
608.0,A27,27-Apr-05,379529.81
609.0,A28,05-May-04,210543.47
610.0,A29,06-May-06,74572.22
611.0,A30,07-May-05,262119.88
612.0,A21,08-May-06,33868.33
613.0,A22,09-May-05,445154.23
614.0,A23,10-May-06,475136.67
615.0,A24,11-Jul-06,380333.3
616.0,A25,12-Aug-05,1168.46
617.0,A26,05-May-04,130658.98
618.0,A27,06-May-06,63250.72
619.0,A28,07-May-05,360059.59
620.0,A29,08-May-06,482778.64
621.0,A30,09-May-05,398904.74
622.0,A31,10-May-06,121736.19
623.0,A32,11-Jul-06,137150.37
624.0,A33,12-Aug-05,365544.42
625.0,A34,13-Sep-04,81344.52
626.0,A35,20-Nov-05,267856.63
627.0,A36,21-Nov-06,299638.45
628.0,A37,22-Nov-05,316995.07
629.0,A38,23-Nov-04,171777.74
630.0,A39,24-May-05,363232.95
631.0,A40,25-May-05,302665.85
632.0,A41,26-May-05,113162.1
633.0,A42,27-May-05,426214.94
634.0,A43,28-May-05,490814.79
635.0,A44,29-May-05,93910.42
636.0,A45,30-May-05,332112.62
637.0,A46,31-May-05,469524.73
638.0,A47,01-Jun-05,277615.5
639.0,A48,02-Jun-05,103166.71
640.0,A49,03-Jun-05,37377.35
641.0,A21,03-Jul-05,108209.03
642.0,A22,03-Aug-05,169341.46
643.0,A23,03-Sep-05,199221.99
644.0,A24,03-Oct-05,98261.85
645.0,A25,03-Nov-05,188563.47
646.0,A26,03-Dec-05,417177.67
647.0,A27,03-Jan-06,183103.78
648.0,A28,03-Feb-06,318811.88
649.0,A29,03-Mar-06,410086.11
650.0,A30,03-Apr-06,425694.16
651.0,A31,03-May-06,85880.99
652.0,A32,03-Jun-06,284410.26
653.0,A33,03-Jul-06,428595.18
654.0,A34,03-Aug-06,205246.85
655.0,A35,03-Sep-06,249105.03
656.0,A36,03-Oct-06,234343.03
657.0,A37,03-Nov-06,334631.4
658.0,A38,03-Dec-06,492660.82
659.0,A39,12-Jan-04,223330.14
660.0,A40,03-Jan-04,438201.47
661.0,A41,15-Jan-04,476997.06
662.0,A42,25-Jan-04,229410.31
663.0,A43,17-Jan-05,71540.68
664.0,A44,23-Feb-05,136296.24
665.0,A45,01-Feb-05,482338.57
666.0,A46,05-Feb-04,208860.85
667.0,A47,28-Feb-05,118461.94
668.0,A48,16-Feb-05,174298.33
669.0,A49,23-Feb-05,114620.09
670.0,A21,03-Feb-05,395046.54
671.0,A22,04-Feb-06,351039.48
672.0,A23,25-Mar-06,236830.0
673.0,A24,31-Mar-06,285039.38
674.0,A25,23-Mar-06,118227.35
675.0,A26,24-Mar-06,70579.41
676.0,A27,25-Mar-06,148498.19
677.0,A28,26-Mar-06,289699.71
678.0,A29,27-Mar-06,260894.74
679.0,A30,28-Mar-06,32985.28
680.0,A31,29-Mar-06,313756.71
681.0,A32,30-Mar-06,267750.16
682.0,A33,31-Mar-06,244831.61
683.0,A34,01-Apr-06,252926.33
684.0,A35,02-Apr-06,256474.98
685.0,A36,03-Apr-06,315988.94
686.0,A37,04-Apr-06,477730.54
687.0,A38,12-Jan-04,258847.78
688.0,A39,03-Jan-04,28494.84
689.0,A40,15-Jan-04,312510.63
690.0,A41,25-Jan-04,2456.87
691.0,A42,12-Jan-04,401363.29
692.0,A43,03-Jan-04,37972.68
693.0,A44,15-Jan-04,106403.79
694.0,A45,25-Jan-04,161244.47
695.0,A46,12-Jan-04,148034.6
696.0,A47,03-Jan-04,306927.84
697.0,A48,15-Jan-04,66771.24
698.0,A49,25-Jan-04,406925.14
699.0,A21,12-Jan-04,395183.42
700.0,A22,03-Jan-04,483245.51
701.0,A23,15-Jan-04,456468.39
702.0,A24,12-Jan-04,115178.7
703.0,A25,03-Jan-04,274473.27
704.0,A26,15-Jan-04,79160.72
705.0,A27,25-Jan-04,16992.28
706.0,A28,17-Jan-05,451169.45
707.0,A29,23-Feb-05,4220.25
708.0,A30,01-Feb-05,289028.69
709.0,A31,05-Feb-04,407599.13
710.0,A32,28-Feb-05,418896.84
711.0,A33,16-Feb-05,342468.09
712.0,A34,23-Feb-05,53182.46
713.0,A35,03-Feb-05,202740.17
714.0,A36,04-Feb-06,350414.18
715.0,A37,25-Mar-06,378310.73
716.0,A38,31-Mar-06,339553.1
717.0,A39,23-Mar-06,176347.5
718.0,A40,19-Mar-04,398063.76
719.0,A41,05-Mar-06,87417.47
720.0,A42,04-Apr-05,173199.87
721.0,A43,30-Apr-06,277006.96
722.0,A44,25-Apr-04,84514.47
723.0,A45,19-Apr-06,176703.42
724.0,A46,06-Apr-04,249310.63
725.0,A47,27-Apr-05,348992.15
726.0,A48,05-May-04,454762.77
727.0,A49,06-May-06,91731.58
728.0,A21,07-May-05,22402.48
729.0,A22,08-May-06,165572.81
730.0,A23,09-May-05,240751.23
731.0,A24,10-May-06,1370.84
732.0,A25,11-Jul-06,221121.56
733.0,A26,12-Aug-05,398164.37
734.0,A27,05-May-04,423643.87
735.0,A28,06-May-06,473313.07
736.0,A29,07-May-05,161197.38
737.0,A30,08-May-06,49201.73
738.0,A31,09-May-05,438848.56
739.0,A32,10-May-06,18858.86
740.0,A33,11-Jul-06,396124.84
741.0,A34,12-Aug-05,293209.49
742.0,A35,13-Sep-04,31811.8
743.0,A36,20-Nov-05,367209.15
744.0,A37,21-Nov-06,244040.85
745.0,A38,22-Nov-05,136309.34
746.0,A39,23-Nov-04,21716.06
747.0,A40,24-May-05,194880.87
748.0,A41,25-May-05,21440.76
749.0,A42,26-May-05,367320.11
750.0,A43,27-May-05,81721.01
751.0,A44,28-May-05,364007.57
752.0,A45,29-May-05,423236.29
753.0,A46,30-May-05,373651.3
754.0,A47,31-May-05,174878.11
755.0,A48,01-Jun-05,248235.37
756.0,A49,02-Jun-05,329224.73
757.0,A21,03-Jun-05,212853.99
758.0,A22,03-Jul-05,238688.54
759.0,A23,03-Aug-05,170028.69
760.0,A24,03-Sep-05,428164.73
761.0,A25,03-Oct-05,129668.84
762.0,A26,03-Nov-05,173747.26
763.0,A27,03-Dec-05,136860.63
764.0,A28,03-Jan-06,84875.95
765.0,A29,03-Feb-06,85329.7
766.0,A30,03-Mar-06,120377.58
767.0,A31,03-Apr-06,13054.67
768.0,A32,03-May-06,62569.1
769.0,A33,03-Jun-06,448965.39
770.0,A34,03-Jul-06,175103.69
771.0,A35,03-Aug-06,221873.36
772.0,A36,03-Sep-06,406166.71
773.0,A37,03-Oct-06,86820.21
774.0,A38,03-Nov-06,138714.56
775.0,A39,03-Dec-06,278687.47
776.0,A40,12-Jan-04,472094.9
777.0,A41,03-Jan-04,192378.3
778.0,A42,15-Jan-04,343606.96
779.0,A43,25-Jan-04,109536.84
780.0,A44,17-Jan-05,464352.17
781.0,A45,23-Feb-05,220739.59
782.0,A46,01-Feb-05,44231.79
783.0,A47,05-Feb-04,288568.47
784.0,A48,28-Feb-05,334597.29
785.0,A49,16-Feb-05,81704.61
786.0,A21,23-Feb-05,22190.97
787.0,A22,03-Feb-05,206706.51
788.0,A23,04-Feb-06,72917.32
789.0,A24,25-Mar-06,263585.99
790.0,A25,31-Mar-06,341838.81
791.0,A26,23-Mar-06,265322.98
792.0,A27,24-Mar-06,133747.43
793.0,A28,25-Mar-06,471171.45
794.0,A29,26-Mar-06,94555.26
795.0,A30,27-Mar-06,140229.15
796.0,A31,28-Mar-06,31679.04
797.0,A32,29-Mar-06,219307.12
798.0,A33,30-Mar-06,447698.41
799.0,A34,31-Mar-06,28854.14
800.0,A35,01-Apr-06,195290.2
801.0,A36,02-Apr-06,347224.98
802.0,A37,03-Apr-06,495000.17
803.0,A38,04-Apr-06,100184.71
804.0,A39,12-Jan-04,310821.09
805.0,A40,03-Jan-04,64718.16
806.0,A41,15-Jan-04,145610.32
807.0,A42,25-Jan-04,3813.53
808.0,A43,12-Jan-04,223619.33
809.0,A44,03-Jan-04,361549.52
810.0,A45,15-Jan-04,88484.85
811.0,A46,25-Jan-04,402047.86
812.0,A47,12-Jan-04,412657.79
813.0,A48,03-Jan-04,99492.68
814.0,A49,15-Jan-04,83204.61
815.0,A21,25-Jan-04,41154.52
816.0,A22,12-Jan-04,420589.21
817.0,A23,03-Jan-04,302707.38
818.0,A24,15-Jan-04,170328.32
819.0,A25,12-Jan-04,274859.53
820.0,A26,03-Jan-04,161220.05
821.0,A27,15-Jan-04,343692.05
822.0,A28,25-Jan-04,288305.37
823.0,A29,17-Jan-05,201994.21
824.0,A30,23-Feb-05,249323.26
825.0,A31,01-Feb-05,105128.84
826.0,A32,05-Feb-04,344312.67
827.0,A33,28-Feb-05,325246.37
828.0,A34,16-Feb-05,45750.9
829.0,A35,23-Feb-05,334933.59
830.0,A36,03-Feb-05,97465.08
831.0,A37,04-Feb-06,452366.06
832.0,A38,25-Mar-06,292430.72
833.0,A39,31-Mar-06,343055.92
834.0,A40,23-Mar-06,120215.85
835.0,A41,19-Mar-04,2083.26
836.0,A42,05-Mar-06,42728.74
837.0,A43,04-Apr-05,335534.84
838.0,A44,30-Apr-06,231843.43
839.0,A45,25-Apr-04,487103.26
840.0,A46,19-Apr-06,27793.48
841.0,A47,06-Apr-04,12571.13
842.0,A48,27-Apr-05,263768.71
843.0,A49,05-May-04,142887.48
844.0,A21,06-May-06,251831.71
845.0,A22,07-May-05,487674.89
846.0,A23,08-May-06,292923.27
847.0,A24,09-May-05,409399.94
848.0,A25,10-May-06,440972.58
849.0,A26,11-Jul-06,213185.89
850.0,A27,12-Aug-05,472123.57
851.0,A28,05-May-04,256148.96
852.0,A29,06-May-06,455584.39
853.0,A30,07-May-05,300086.64
854.0,A31,08-May-06,331748.17
855.0,A32,09-May-05,90329.79
856.0,A33,10-May-06,332753.94
857.0,A34,11-Jul-06,48053.83
858.0,A35,12-Aug-05,30190.67
859.0,A36,13-Sep-04,429352.78
860.0,A37,20-Nov-05,77611.47
861.0,A38,21-Nov-06,101339.26
862.0,A39,22-Nov-05,109700.84
863.0,A40,23-Nov-04,429769.46
864.0,A41,24-May-05,454992.2
865.0,A42,25-May-05,111643.13
866.0,A43,26-May-05,330997.36
867.0,A44,27-May-05,289423.69
868.0,A45,28-May-05,396162.6
869.0,A46,29-May-05,14213.98
870.0,A47,30-May-05,204145.31
871.0,A48,31-May-05,419047.95
872.0,A49,01-Jun-05,483021.66
873.0,A21,02-Jun-05,177548.41
874.0,A22,03-Jun-05,408935.99
875.0,A23,03-Jul-05,230196.22
876.0,A24,03-Aug-05,211262.36
877.0,A25,03-Sep-05,336808.96
878.0,A26,03-Oct-05,351333.85
879.0,A27,03-Nov-05,409963.5
880.0,A28,03-Dec-05,451630.26
881.0,A29,03-Jan-06,321588.7
882.0,A30,03-Feb-06,67056.51
883.0,A31,03-Mar-06,396403.71
884.0,A32,03-Apr-06,333042.82
885.0,A33,03-May-06,365688.37
886.0,A34,03-Jun-06,104781.85
887.0,A35,03-Jul-06,235480.06
888.0,A36,03-Aug-06,281120.31
889.0,A37,03-Sep-06,257594.53
890.0,A38,03-Oct-06,317309.23
891.0,A39,03-Nov-06,129774.72
892.0,A40,03-Dec-06,169786.15
893.0,A41,12-Jan-04,18735.96
894.0,A42,03-Jan-04,224382.18
895.0,A43,15-Jan-04,471697.76
896.0,A44,25-Jan-04,265167.47
897.0,A45,17-Jan-05,269792.98
898.0,A46,23-Feb-05,364811.08
899.0,A47,01-Feb-05,336472.8
900.0,A48,05-Feb-04,271307.19
901.0,A49,28-Feb-05,215280.31
902.0,A21,16-Feb-05,119478.97
903.0,A22,23-Feb-05,156283.34
904.0,A23,03-Feb-05,257483.09
905.0,A24,04-Feb-06,448414.36
906.0,A25,25-Mar-06,245734.17
907.0,A26,31-Mar-06,80907.9
908.0,A27,23-Mar-06,197081.46
909.0,A28,24-Mar-06,391101.37
910.0,A29,25-Mar-06,148410.96
911.0,A30,26-Mar-06,284850.96
912.0,A31,27-Mar-06,103429.79
913.0,A32,28-Mar-06,53800.88
914.0,A33,29-Mar-06,325726.44
915.0,A34,30-Mar-06,305101.67
916.0,A35,31-Mar-06,450091.26
917.0,A36,01-Apr-06,399378.99
918.0,A37,02-Apr-06,6520.7
919.0,A38,03-Apr-06,268966.8
920.0,A39,04-Apr-06,472407.74
921.0,A40,12-Jan-04,66864.39
922.0,A41,03-Jan-04,201577.8
923.0,A42,15-Jan-04,325098.08
924.0,A43,25-Jan-04,460035.02
925.0,A44,12-Jan-04,254385.65
926.0,A45,03-Jan-04,484956.45
927.0,A46,15-Jan-04,271606.86
928.0,A47,25-Jan-04,148034.75
929.0,A48,12-Jan-04,337987.12
930.0,A49,03-Jan-04,17782.65
931.0,A21,15-Jan-04,394686.46
932.0,A22,25-Jan-04,483628.45
933.0,A23,12-Jan-04,59880.12
934.0,A24,03-Jan-04,60524.44
935.0,A25,15-Jan-04,269895.55
936.0,A26,12-Jan-04,373029.85
937.0,A27,03-Jan-04,264885.99
938.0,A28,15-Jan-04,26178.74
939.0,A29,25-Jan-04,377774.78
940.0,A30,17-Jan-05,228554.19
941.0,A31,23-Feb-05,449928.27
942.0,A32,01-Feb-05,87918.4
943.0,A33,05-Feb-04,450994.42
944.0,A34,28-Feb-05,335593.79
945.0,A35,16-Feb-05,426900.84
946.0,A36,23-Feb-05,21604.11
947.0,A37,03-Feb-05,106349.22
948.0,A38,04-Feb-06,454329.84
949.0,A39,25-Mar-06,353168.42
950.0,A40,31-Mar-06,497928.27
951.0,A41,23-Mar-06,34864.39
952.0,A42,19-Mar-04,145220.06
953.0,A43,05-Mar-06,226603.19
954.0,A44,04-Apr-05,30292.86
955.0,A45,30-Apr-06,399512.02
956.0,A46,25-Apr-04,466385.82
957.0,A47,19-Apr-06,161681.87
958.0,A48,06-Apr-04,305095.45
959.0,A49,27-Apr-05,170167.31
960.0,A21,05-May-04,240280.45
961.0,A22,06-May-06,321692.62
962.0,A23,07-May-05,447036.46
963.0,A24,08-May-06,479204.19
964.0,A25,09-May-05,470071.81
965.0,A26,10-May-06,378240.89
966.0,A27,11-Jul-06,241912.5
967.0,A28,12-Aug-05,437823.07
968.0,A29,05-May-04,425476.33
969.0,A30,06-May-06,294475.79
970.0,A31,07-May-05,454736.04
971.0,A32,08-May-06,140419.08
972.0,A33,09-May-05,326761.68
973.0,A34,10-May-06,197323.24
974.0,A35,11-Jul-06,169368.97
975.0,A36,12-Aug-05,17377.12
976.0,A37,13-Sep-04,25958.96
977.0,A38,20-Nov-05,404271.91
978.0,A39,21-Nov-06,31957.37
979.0,A40,22-Nov-05,236821.08
980.0,A41,23-Nov-04,55.86
981.0,A42,24-May-05,473177.1
982.0,A43,25-May-05,89907.47
983.0,A44,26-May-05,410817.5
984.0,A45,27-May-05,26949.28
985.0,A46,28-May-05,175753.7
986.0,A47,29-May-05,214550.57
987.0,A48,30-May-05,386873.69
988.0,A49,31-May-05,160090.81
989.0,A36,01-Jun-05,165533.79
990.0,A37,02-Jun-05,236079.8
991.0,A38,03-Jun-05,29532.29
992.0,A39,03-Jul-05,343050.41
993.0,A40,03-Aug-05,488742.81
994.0,A41,03-Sep-05,4110.0
995.0,A42,03-Oct-05,197897.82
996.0,A43,03-Nov-05,454364.16
997.0,A44,03-Dec-05,79696.21
998.0,A45,03-Jan-06,293895.7
999.0,A46,03-Feb-06,494046.29
1000.0,A47,03-Mar-06,427648.26
1001.0,A48,03-Apr-06,87359.12
1002.0,A49,03-May-06,490018.55
1003.0,A50,03-Jun-06,206150.39
1004.0,A51,03-Jul-06,163270.13
1005.0,A52,03-Aug-06,442850.42
1006.0,A53,03-Sep-06,249254.51
1007.0,A54,03-Oct-06,241392.8
1008.0,A55,03-Nov-06,185268.15
1009.0,A56,03-Dec-06,162103.09
1010.0,A57,12-Jan-04,440988.05
1011.0,A58,03-Jan-04,31977.43
1012.0,A59,15-Jan-04,493825.73
1013.0,A60,25-Jan-04,344020.41
1014.0,A61,17-Jan-05,379523.96
1015.0,A60,23-Feb-05,240977.23
1016.0,A61,01-Feb-05,313358.18
1017.0,A62,05-Feb-04,113317.83
1018.0,A36,28-Feb-05,167165.67
1019.0,A37,16-Feb-05,407707.96
1020.0,A38,23-Feb-05,345188.99
1021.0,A39,03-Feb-05,108573.87
1022.0,A40,04-Feb-06,341053.68
1023.0,A41,25-Mar-06,174590.36
1024.0,A42,31-Mar-06,20801.9
1025.0,A43,23-Mar-06,355639.39
1026.0,A44,24-Mar-06,23948.9
1027.0,A45,25-Mar-06,218575.36
1028.0,A46,26-Mar-06,255642.28
1029.0,A47,27-Mar-06,84875.97
1030.0,A48,28-Mar-06,480592.61
1031.0,A49,29-Mar-06,393595.5
1032.0,A50,30-Mar-06,106204.98
1033.0,A51,31-Mar-06,272046.55
1034.0,A52,01-Apr-06,246776.64
1035.0,A53,02-Apr-06,493590.96
1036.0,A54,03-Apr-06,238637.76
1037.0,A55,04-Apr-06,243784.94
1038.0,A56,12-Jan-04,9115.82
1039.0,A57,03-Jan-04,306326.87
1040.0,A58,15-Jan-04,139374.06
1041.0,A59,25-Jan-04,465841.15
1042.0,A60,12-Jan-04,327400.02
1043.0,A61,03-Jan-04,250703.65
1044.0,A60,15-Jan-04,398368.06
1045.0,A61,25-Jan-04,274783.02
1046.0,A62,12-Jan-04,352524.33
1047.0,A36,03-Jan-04,122486.54
1048.0,A37,15-Jan-04,99996.58
1049.0,A38,25-Jan-04,95843.84
1050.0,A39,12-Jan-04,219448.13
1051.0,A40,03-Jan-04,213328.24
1052.0,A41,15-Jan-04,278335.94
1053.0,A42,12-Jan-04,345966.81
1054.0,A43,03-Jan-04,80468.88
1055.0,A44,15-Jan-04,219899.68
1056.0,A45,25-Jan-04,181578.48
1057.0,A46,17-Jan-05,274581.94
1058.0,A47,23-Feb-05,399353.44
1059.0,A48,01-Feb-05,127400.48
1060.0,A49,05-Feb-04,310611.03
1061.0,A50,28-Feb-05,29753.02
1062.0,A51,16-Feb-05,295108.43
1063.0,A52,23-Feb-05,42341.42
1064.0,A53,03-Feb-05,329570.28
1065.0,A54,04-Feb-06,394830.51
1066.0,A55,25-Mar-06,344561.38
1067.0,A56,31-Mar-06,139586.67
1068.0,A57,23-Mar-06,78544.42
1069.0,A58,19-Mar-04,328774.35
1070.0,A59,05-Mar-06,221678.04
1071.0,A60,04-Apr-05,293495.93
1072.0,A61,30-Apr-06,492378.08
1073.0,A60,25-Apr-04,471236.83
1074.0,A61,19-Apr-06,477432.68
1075.0,A62,06-Apr-04,200155.07
1076.0,A36,27-Apr-05,48039.88
1077.0,A37,05-May-04,44579.08
1078.0,A38,06-May-06,80172.2
1079.0,A39,07-May-05,453417.45
1080.0,A40,08-May-06,75991.64
1081.0,A41,09-May-05,146021.03
1082.0,A42,10-May-06,408702.05
1083.0,A43,11-Jul-06,355871.15
1084.0,A44,12-Aug-05,188094.3
1085.0,A45,05-May-04,56814.29
1086.0,A46,06-May-06,416991.24
1087.0,A47,07-May-05,453048.51
1088.0,A48,08-May-06,291853.29
1089.0,A49,09-May-05,272829.68
1090.0,A50,10-May-06,213679.23
1091.0,A51,11-Jul-06,407154.67
1092.0,A52,12-Aug-05,35505.11
1093.0,A53,13-Sep-04,304492.5
1094.0,A54,20-Nov-05,469918.75
1095.0,A55,21-Nov-06,18518.41
1096.0,A56,22-Nov-05,193204.97
1097.0,A57,23-Nov-04,103841.25
1098.0,A58,24-May-05,48581.88
1099.0,A59,25-May-05,311132.81
1100.0,A60,26-May-05,470905.99
1101.0,A61,27-May-05,425132.51
1102.0,A60,28-May-05,318410.3
1103.0,A61,29-May-05,143633.16
1104.0,A62,30-May-05,424135.9
1105.0,A36,31-May-05,316914.74
1106.0,A37,01-Jun-05,370914.62
1107.0,A38,02-Jun-05,185739.75
1108.0,A39,03-Jun-05,235033.71
1109.0,A40,03-Jul-05,242107.49
1110.0,A41,03-Aug-05,6865.68
1111.0,A42,03-Sep-05,3937.81
1112.0,A43,03-Oct-05,415860.27
1113.0,A44,03-Nov-05,431079.67
1114.0,A45,03-Dec-05,410935.52
1115.0,A46,03-Jan-06,417493.07
1116.0,A47,03-Feb-06,20956.5
1117.0,A48,03-Mar-06,438025.57
1118.0,A49,03-Apr-06,338035.97
1119.0,A50,03-May-06,242446.75
1120.0,A51,03-Jun-06,309674.92
1121.0,A52,03-Jul-06,470475.57
1122.0,A53,03-Aug-06,50308.75
1123.0,A54,03-Sep-06,490775.95
1124.0,A55,03-Oct-06,201404.18
1125.0,A56,03-Nov-06,310371.26
1126.0,A57,03-Dec-06,194338.11
1127.0,A58,12-Jan-04,229993.67
1128.0,A59,03-Jan-04,122801.18
1129.0,A60,15-Jan-04,73528.67
1130.0,A61,25-Jan-04,22660.5
1131.0,A60,17-Jan-05,76322.99
1132.0,A61,23-Feb-05,113049.21
1133.0,A62,01-Feb-05,217528.5
1134.0,A36,05-Feb-04,498238.63
1135.0,A37,28-Feb-05,4723.41
1136.0,A38,16-Feb-05,77653.56
1137.0,A39,23-Feb-05,196307.11
1138.0,A40,03-Feb-05,88240.86
1139.0,A41,04-Feb-06,121807.91
1140.0,A42,25-Mar-06,42983.77
1141.0,A43,31-Mar-06,2561.06
1142.0,A44,23-Mar-06,184547.57
1143.0,A45,24-Mar-06,181649.04
1144.0,A46,25-Mar-06,272345.45
1145.0,A47,26-Mar-06,294130.86
1146.0,A48,27-Mar-06,126055.47
1147.0,A49,28-Mar-06,470885.58
1148.0,A50,29-Mar-06,373924.08
1149.0,A51,30-Mar-06,12217.2
1150.0,A52,31-Mar-06,320482.17
1151.0,A53,01-Apr-06,269353.5
1152.0,A54,02-Apr-06,337247.97
1153.0,A55,03-Apr-06,356937.28
1154.0,A56,04-Apr-06,456814.78
1155.0,A57,12-Jan-04,497223.08
1156.0,A58,03-Jan-04,30540.35
1157.0,A59,15-Jan-04,254230.01
1158.0,A60,25-Jan-04,196802.28
1159.0,A61,12-Jan-04,390380.18
1160.0,A60,03-Jan-04,487241.12
1161.0,A61,15-Jan-04,300217.24
1162.0,A62,25-Jan-04,247068.28
1163.0,A36,12-Jan-04,209008.14
1164.0,A37,03-Jan-04,186510.96
1165.0,A38,15-Jan-04,232352.49
1166.0,A39,25-Jan-04,247152.18
1167.0,A40,12-Jan-04,74607.54
1168.0,A41,03-Jan-04,69094.52
1169.0,A42,15-Jan-04,177932.57
1170.0,A43,12-Jan-04,226307.37
1171.0,A44,03-Jan-04,271526.06
1172.0,A45,15-Jan-04,357873.8
1173.0,A46,25-Jan-04,13614.32
1174.0,A47,17-Jan-05,286012.09
1175.0,A48,23-Feb-05,98805.74
1176.0,A49,01-Feb-05,262975.77
1177.0,A50,05-Feb-04,240576.07
1178.0,A51,28-Feb-05,214135.31
1179.0,A52,16-Feb-05,251012.55
1180.0,A53,23-Feb-05,79923.09
1181.0,A54,03-Feb-05,381877.88
1182.0,A55,04-Feb-06,364518.29
1183.0,A56,25-Mar-06,59694.75
1184.0,A57,31-Mar-06,495646.28
1185.0,A58,23-Mar-06,263028.06
1186.0,A59,19-Mar-04,175922.46
1187.0,A60,05-Mar-06,80510.35
1188.0,A61,04-Apr-05,277482.68
1189.0,A60,30-Apr-06,65442.61
1190.0,A61,25-Apr-04,388527.73
1191.0,A62,19-Apr-06,29083.79
1192.0,A36,06-Apr-04,63637.32
1193.0,A37,27-Apr-05,49279.16
1194.0,A38,05-May-04,74133.81
1195.0,A39,06-May-06,73591.59
1196.0,A40,07-May-05,12245.37
1197.0,A41,08-May-06,238512.8
1198.0,A42,09-May-05,328130.36
1199.0,A43,10-May-06,93174.27
1200.0,A44,11-Jul-06,285921.61
1201.0,A45,12-Aug-05,226289.58
1202.0,A46,17-Jan-05,263405.92
1203.0,A47,23-Feb-05,100763.66
1204.0,A48,01-Feb-05,95816.22
1205.0,A49,05-Feb-04,442503.44
1206.0,A50,28-Feb-05,251256.98
1207.0,A51,16-Feb-05,6145.92
1208.0,A52,23-Feb-05,91991.28
1209.0,A53,03-Feb-05,498258.64
1210.0,A54,04-Feb-06,372411.25
1211.0,A55,25-Mar-06,132121.96
1212.0,A56,31-Mar-06,432523.44
1213.0,A57,23-Mar-06,199804.67
1214.0,A58,19-Mar-04,307823.64
1215.0,A59,05-Mar-06,358336.67
1216.0,A60,04-Apr-05,442888.86
1217.0,A61,30-Apr-06,14909.17
1218.0,A60,25-Apr-04,397275.55
1219.0,A61,19-Apr-06,266925.06
1220.0,A62,06-Apr-04,433918.93
1221.0,A36,27-Apr-05,495838.08
1222.0,A37,05-May-04,139979.71
1223.0,A38,06-May-06,85283.88
1224.0,A39,07-May-05,382742.75
1225.0,A40,08-May-06,361842.72
1226.0,A41,09-May-05,126434.28
1227.0,A42,10-May-06,479208.1
1228.0,A43,11-Jul-06,448064.38
1229.0,A44,12-Aug-05,351400.42
1230.0,A45,13-Sep-04,64774.66
1231.0,A46,20-Nov-05,410656.47
1232.0,A47,21-Nov-06,32967.03
1233.0,A48,22-Nov-05,386282.74
1234.0,A49,23-Nov-04,78156.9
1235.0,A50,24-May-05,8304.43
1236.0,A51,25-May-05,74206.01
1237.0,A52,26-May-05,145665.69
1238.0,A53,27-May-05,189288.06
1239.0,A54,28-May-05,178099.91
1240.0,A55,29-May-05,129221.35
1241.0,A56,30-May-05,400670.11
1242.0,A57,31-May-05,294320.87
1243.0,A58,01-Jun-05,463913.14
1244.0,A59,02-Jun-05,10582.36
1245.0,A60,03-Jun-05,209871.15
1246.0,A61,03-Jul-05,299897.35
1247.0,A60,03-Aug-05,49639.08
1248.0,A61,03-Sep-05,154662.73
1249.0,A62,03-Oct-05,162860.73
1250.0,A36,03-Nov-05,72423.76
1251.0,A37,03-Dec-05,343316.99
1252.0,A38,03-Jan-06,296062.71
1253.0,A39,03-Feb-06,452779.82
1254.0,A40,03-Mar-06,46566.5
1255.0,A41,03-Apr-06,147383.0
1256.0,A42,03-May-06,121375.83
1257.0,A43,03-Jun-06,23525.91
1258.0,A44,03-Jul-06,216041.38
1259.0,A45,03-Aug-06,205479.86
1260.0,A46,03-Sep-06,23892.79
1261.0,A47,03-Oct-06,358785.8
1262.0,A48,03-Nov-06,243913.61
1263.0,A49,03-Dec-06,60465.21
1264.0,A50,12-Jan-04,326576.81
1265.0,A51,03-Jan-04,388214.09
1266.0,A52,15-Jan-04,489602.43
1267.0,A53,25-Jan-04,11268.5
1268.0,A54,17-Jan-05,203500.63
1269.0,A55,23-Feb-05,227481.16
1270.0,A56,01-Feb-05,114515.1
1271.0,A57,05-Feb-04,227773.43
1272.0,A58,28-Feb-05,472059.04
1273.0,A59,16-Feb-05,241955.01
1274.0,A60,23-Feb-05,392510.5
1275.0,A61,03-Feb-05,483148.94
1276.0,A60,04-Feb-06,357159.38
1277.0,A61,25-Mar-06,209308.38
1278.0,A62,31-Mar-06,365580.94
1279.0,A36,23-Mar-06,345065.63
1280.0,A37,24-Mar-06,265079.98
1281.0,A38,25-Mar-06,144010.86
1282.0,A39,26-Mar-06,268630.62
1283.0,A40,27-Mar-06,114173.32
1284.0,A41,28-Mar-06,200769.31
1285.0,A42,29-Mar-06,112818.01
1286.0,A43,30-Mar-06,408473.76
1287.0,A44,31-Mar-06,172860.76
1288.0,A45,01-Apr-06,372124.51
1289.0,A46,02-Apr-06,189830.78
1290.0,A47,03-Apr-06,343035.67
1291.0,A48,04-Apr-06,193744.98
1292.0,A49,12-Jan-04,158492.96
1293.0,A50,03-Jan-04,130448.63
1294.0,A51,15-Jan-04,442135.48
1295.0,A52,25-Jan-04,120208.05
1296.0,A53,12-Jan-04,29037.81
1297.0,A54,03-Jan-04,490081.0
1298.0,A55,15-Jan-04,316028.99
1299.0,A56,25-Jan-04,27422.08
1300.0,A57,12-Jan-04,266752.62
1301.0,A58,03-Jan-04,71289.84
1302.0,A59,15-Jan-04,76539.5
1303.0,A60,25-Jan-04,114865.73
1304.0,A61,12-Jan-04,10353.52
1305.0,A60,03-Jan-04,79983.14
1306.0,A61,15-Jan-04,126629.86
1307.0,A62,12-Jan-04,397129.81
1308.0,A36,03-Jan-04,327297.15
1309.0,A37,15-Jan-04,212293.63
1310.0,A38,25-Jan-04,318585.14
1311.0,A39,17-Jan-05,244332.47
1312.0,A40,23-Feb-05,9642.77
1313.0,A41,01-Feb-05,151703.5
1314.0,A42,05-Feb-04,21545.71
1315.0,A43,28-Feb-05,279634.66
1316.0,A44,16-Feb-05,495947.66
1317.0,A45,23-Feb-05,465097.84
1318.0,A46,03-Feb-05,301106.89
1319.0,A47,04-Feb-06,439922.04
1320.0,A48,25-Mar-06,488307.93
1321.0,A49,31-Mar-06,264136.91
1322.0,A50,23-Mar-06,427345.16
1323.0,A51,19-Mar-04,40944.31
1324.0,A52,05-Mar-06,325457.14
1325.0,A53,04-Apr-05,339645.86
1326.0,A54,30-Apr-06,449605.95
1327.0,A55,25-Apr-04,19052.19
1328.0,A56,19-Apr-06,313446.31
1329.0,A57,06-Apr-04,290318.29
1330.0,A58,27-Apr-05,118652.56
1331.0,A59,05-May-04,188806.32
1332.0,A60,06-May-06,4328.28
1333.0,A61,07-May-05,300765.73
1334.0,A60,08-May-06,204437.87
1335.0,A61,09-May-05,455414.03
1336.0,A62,10-May-06,333931.24
1337.0,A36,11-Jul-06,213919.73
1338.0,A37,12-Aug-05,368760.27
1339.0,A38,13-Sep-04,345877.86
1340.0,A39,20-Nov-05,411995.72
1341.0,A40,21-Nov-06,158553.86
1342.0,A41,22-Nov-05,222973.42
1343.0,A42,23-Nov-04,362899.7
1344.0,A43,24-May-05,371725.97
1345.0,A44,25-May-05,316407.62
1346.0,A45,05-May-04,10405.48
1347.0,A46,06-May-06,388392.43
1348.0,A47,07-May-05,173964.56
1349.0,A48,08-May-06,469730.31
1350.0,A49,09-May-05,41582.38
1351.0,A50,10-May-06,121273.54
1352.0,A51,11-Jul-06,415217.08
1353.0,A52,12-Aug-05,345394.74
1354.0,A53,13-Sep-04,102929.32
1355.0,A54,20-Nov-05,233706.14
1356.0,A55,21-Nov-06,93579.24
1357.0,A56,22-Nov-05,203251.42
1358.0,A57,23-Nov-04,105865.88
1359.0,A58,24-May-05,241401.66
1360.0,A59,25-May-05,176964.24
1361.0,A60,26-May-05,191817.83
1362.0,A61,27-May-05,494436.86
1363.0,A60,17-Jan-05,367052.39
1364.0,A61,23-Feb-05,4270.82
1365.0,A62,01-Feb-05,147917.74
1366.0,A36,05-Feb-04,8684.4
1367.0,A37,28-Feb-05,135124.83
1368.0,A38,16-Feb-05,488509.37
1369.0,A39,23-Feb-05,455199.85
1370.0,A40,03-Feb-05,498705.93
1371.0,A41,04-Feb-06,236112.79
1372.0,A42,25-Mar-06,215169.32
1373.0,A43,31-Mar-06,385497.32
1374.0,A44,23-Mar-06,314865.2
1375.0,A45,19-Mar-04,469461.95
1376.0,A46,05-Mar-06,87541.8
1377.0,A47,04-Apr-05,67703.39
1378.0,A48,30-Apr-06,469317.86
1379.0,A49,25-Apr-04,331737.44
1380.0,A50,19-Apr-06,400356.35
1381.0,A51,06-Apr-04,315663.16
1382.0,A52,27-Apr-05,186362.03
1383.0,A53,05-May-04,389063.67
1384.0,A54,06-May-06,316239.38
1385.0,A55,07-May-05,280192.28
1386.0,A56,08-May-06,307906.07
1387.0,A57,09-May-05,213950.24
1388.0,A58,10-May-06,2885.23
1389.0,A59,11-Jul-06,248922.33
1390.0,A60,12-Aug-05,380378.98
1391.0,A61,13-Sep-04,197912.13
1392.0,A60,20-Nov-05,294357.01
1393.0,A61,21-Nov-06,423828.84
1394.0,A62,22-Nov-05,301368.91
1395.0,A36,23-Nov-04,110114.4
1396.0,A37,24-May-05,418293.51
1397.0,A38,25-May-05,403693.93
1398.0,A39,26-May-05,368886.48
1399.0,A40,27-May-05,375790.65
1400.0,A41,28-May-05,405799.97
1401.0,A42,29-May-05,281673.17
1402.0,A43,30-May-05,386613.63
1403.0,A44,31-May-05,319725.99
1404.0,A45,01-Jun-05,303151.38
1405.0,A46,02-Jun-05,341607.11
1406.0,A47,03-Jun-05,341903.77
1407.0,A48,03-Jul-05,286146.08
1408.0,A49,03-Aug-05,321122.85
1409.0,A50,03-Sep-05,291161.44
1410.0,A51,03-Oct-05,78996.7
1411.0,A52,03-Nov-05,107869.48
1412.0,A53,03-Dec-05,457386.2
1413.0,A54,03-Jan-06,313826.33
1414.0,A55,03-Feb-06,460990.55
1415.0,A56,03-Mar-06,263951.05
1416.0,A57,03-Apr-06,77377.57
1417.0,A58,03-May-06,384545.52
1418.0,A59,03-Jun-06,379170.05
1419.0,A60,03-Jul-06,273877.36
1420.0,A61,03-Aug-06,197804.13
1421.0,A60,03-Sep-06,348314.61
1422.0,A61,03-Oct-06,289863.84
1423.0,A62,03-Nov-06,496752.69
1424.0,A36,03-Dec-06,146321.26
1425.0,A37,12-Jan-04,475932.34
1426.0,A38,03-Jan-04,380510.36
1427.0,A39,15-Jan-04,34423.35
1428.0,A40,25-Jan-04,75969.07
1429.0,A41,17-Jan-05,339184.49
1430.0,A42,23-Feb-05,454667.52
1431.0,A43,01-Feb-05,484212.27
1432.0,A44,05-Feb-04,113508.29
1433.0,A45,28-Feb-05,73404.9
1434.0,A46,16-Feb-05,323510.57
1435.0,A47,23-Feb-05,142961.13
1436.0,A48,03-Feb-05,95479.2
1437.0,A49,04-Feb-06,15546.35
1438.0,A50,25-Mar-06,480565.12
1439.0,A51,31-Mar-06,14203.78
1440.0,A52,23-Mar-06,350749.3
1441.0,A53,24-Mar-06,199377.19
1442.0,A54,25-Mar-06,100719.74
1443.0,A55,26-Mar-06,6998.51
1444.0,A56,27-Mar-06,491227.07
1445.0,A57,28-Mar-06,272993.36
1446.0,A58,29-Mar-06,451134.94
1447.0,A59,30-Mar-06,267436.51
1448.0,A60,31-Mar-06,28857.2
1449.0,A61,01-Apr-06,493770.08
1450.0,A60,02-Apr-06,357154.87
1451.0,A61,03-Apr-06,445448.0
1452.0,A62,04-Apr-06,164796.79
1453.0,A63,12-Jan-04,372179.26
1454.0,A36,03-Jan-04,224759.64
1455.0,A37,15-Jan-04,172120.27
1456.0,A38,25-Jan-04,73381.99
1457.0,A39,12-Jan-04,257117.37
1458.0,A40,03-Jan-04,30789.11
1459.0,A41,15-Jan-04,365627.28
1460.0,A42,25-Jan-04,464675.51
1461.0,A43,12-Jan-04,296859.59
1462.0,A44,03-Jan-04,472428.57
1463.0,A45,15-Jan-04,195249.7
1464.0,A46,25-Jan-04,112370.26
1465.0,A47,12-Jan-04,148075.49
1466.0,A48,03-Jan-04,380432.38
1467.0,A49,15-Jan-04,148187.72
1468.0,A50,12-Jan-04,25086.07
1469.0,A51,03-Jan-04,82082.48
1470.0,A52,15-Jan-04,63849.18
1471.0,A53,25-Jan-04,428893.02
1472.0,A54,17-Jan-05,146991.03
1473.0,A55,23-Feb-05,71140.33
1474.0,A56,01-Feb-05,55025.09
1475.0,A57,05-Feb-04,285552.8
1476.0,A58,28-Feb-05,91583.97
1477.0,A59,16-Feb-05,337836.23
1478.0,A60,23-Feb-05,14227.86
1479.0,A61,03-Feb-05,432084.39
1480.0,A60,04-Feb-06,398856.11
1481.0,A61,25-Mar-06,173324.28
1482.0,A62,31-Mar-06,180670.24
1483.0,A56,23-Mar-06,113871.65
1484.0,A57,19-Mar-04,207786.09
1485.0,A58,05-Mar-06,8746.94
1486.0,A59,04-Apr-05,16652.72
1487.0,A60,30-Apr-06,183029.6
1488.0,A61,25-Apr-04,233180.43
1489.0,A60,19-Apr-06,187041.66
1490.0,A61,06-Apr-04,322806.69
1491.0,A62,27-Apr-05,287805.43
1492.0,A63,05-May-04,416676.34
1493.0,A64,06-May-06,110614.61
1494.0,A65,07-May-05,230667.34
1495.0,A66,08-May-06,113094.58
1496.0,A67,09-May-05,55638.77
1497.0,A68,10-May-06,319836.49
1498.0,A69,11-Jul-06,247628.45
1499.0,A70,12-Aug-05,454016.51
1500.0,A71,13-Sep-04,56286.33
